method,seed,taxon_count,model,computation,time
treeflow,1,32,jc,likelihood_time,0.1705080410465598
treeflow,1,32,full,likelihood_time,0.4406947089591995
beagle_bito_direct,1,32,jc,likelihood_time,0.005225416040048
beagle_bito_direct,1,32,full,likelihood_time,0.0096642909338697
treeflow,2,32,jc,likelihood_time,0.1618488340172916
treeflow,2,32,full,likelihood_time,0.3489924169844016
beagle_bito_direct,2,32,jc,likelihood_time,0.0044503340031951
beagle_bito_direct,2,32,full,likelihood_time,0.0083182079251855
treeflow,3,32,jc,likelihood_time,0.1714816249441355
treeflow,3,32,full,likelihood_time,0.4228481670143083
beagle_bito_direct,3,32,jc,likelihood_time,0.0045882919803261
beagle_bito_direct,3,32,full,likelihood_time,0.0092723750276491
treeflow,4,32,jc,likelihood_time,0.1829290409805253
treeflow,4,32,full,likelihood_time,0.474145625019446
beagle_bito_direct,4,32,jc,likelihood_time,0.0044870841084048
beagle_bito_direct,4,32,full,likelihood_time,0.009465790935792
treeflow,5,32,jc,likelihood_time,0.1688841669820249
treeflow,5,32,full,likelihood_time,0.4174435829045251
beagle_bito_direct,5,32,jc,likelihood_time,0.0050354169216006
beagle_bito_direct,5,32,full,likelihood_time,0.0090005419915542
treeflow,6,32,jc,likelihood_time,0.1663842080160975
treeflow,6,32,full,likelihood_time,0.4765995000489056
beagle_bito_direct,6,32,jc,likelihood_time,0.0044830420520156
beagle_bito_direct,6,32,full,likelihood_time,0.0094576249830424
treeflow,7,32,jc,likelihood_time,0.1622441669460386
treeflow,7,32,full,likelihood_time,0.4090426670154556
beagle_bito_direct,7,32,jc,likelihood_time,0.0045077499235048
beagle_bito_direct,7,32,full,likelihood_time,0.0088284999364987
treeflow,8,32,jc,likelihood_time,0.1779195830458775
treeflow,8,32,full,likelihood_time,0.541457665967755
beagle_bito_direct,8,32,jc,likelihood_time,0.0045538330450654
beagle_bito_direct,8,32,full,likelihood_time,0.009368332917802
treeflow,9,32,jc,likelihood_time,0.1618485420476645
treeflow,9,32,full,likelihood_time,0.3512667090399191
beagle_bito_direct,9,32,jc,likelihood_time,0.0050927499542012
beagle_bito_direct,9,32,full,likelihood_time,0.0082145420601591
treeflow,10,32,jc,likelihood_time,0.1603512919973582
treeflow,10,32,full,likelihood_time,0.3392497079912573
beagle_bito_direct,10,32,jc,likelihood_time,0.0045943750301375
beagle_bito_direct,10,32,full,likelihood_time,0.0083002080209553
treeflow,1,64,jc,likelihood_time,0.3587135419948026
treeflow,1,64,full,likelihood_time,0.9804991249693558
beagle_bito_direct,1,64,jc,likelihood_time,0.0101762909907847
beagle_bito_direct,1,64,full,likelihood_time,0.0172697500092908
treeflow,2,64,jc,likelihood_time,0.3302058329572901
treeflow,2,64,full,likelihood_time,1.0240638749673965
beagle_bito_direct,2,64,jc,likelihood_time,0.0069808749249204
beagle_bito_direct,2,64,full,likelihood_time,0.015756957931444
treeflow,3,64,jc,likelihood_time,0.3405026250984519
treeflow,3,64,full,likelihood_time,0.9832471250556408
beagle_bito_direct,3,64,jc,likelihood_time,0.0069745839573442
beagle_bito_direct,3,64,full,likelihood_time,0.0178854999830946
treeflow,4,64,jc,likelihood_time,0.3226177910109982
treeflow,4,64,full,likelihood_time,0.978922416921705
beagle_bito_direct,4,64,jc,likelihood_time,0.0074947080574929
beagle_bito_direct,4,64,full,likelihood_time,0.0172582910163328
treeflow,5,64,jc,likelihood_time,0.3611991250654682
treeflow,5,64,full,likelihood_time,1.0410446249879897
beagle_bito_direct,5,64,jc,likelihood_time,0.0078059579245746
beagle_bito_direct,5,64,full,likelihood_time,0.0183195420540869
treeflow,6,64,jc,likelihood_time,0.3625157920178026
treeflow,6,64,full,likelihood_time,1.0856252500088883
beagle_bito_direct,6,64,jc,likelihood_time,0.0082016249652951
beagle_bito_direct,6,64,full,likelihood_time,0.0214528749929741
treeflow,7,64,jc,likelihood_time,0.3410619160858914
treeflow,7,64,full,likelihood_time,0.957594208070077
beagle_bito_direct,7,64,jc,likelihood_time,0.0079306249972432
beagle_bito_direct,7,64,full,likelihood_time,0.0177597920410335
treeflow,8,64,jc,likelihood_time,0.3546822919743135
treeflow,8,64,full,likelihood_time,0.9790447079576552
beagle_bito_direct,8,64,jc,likelihood_time,0.007417874992825
beagle_bito_direct,8,64,full,likelihood_time,0.0175471249967813
treeflow,9,64,jc,likelihood_time,0.3498704170342535
treeflow,9,64,full,likelihood_time,0.9641683329828084
beagle_bito_direct,9,64,jc,likelihood_time,0.0070455410750582
beagle_bito_direct,9,64,full,likelihood_time,0.017790290992707
treeflow,10,64,jc,likelihood_time,0.3582949589472264
treeflow,10,64,full,likelihood_time,1.054714332916774
beagle_bito_direct,10,64,jc,likelihood_time,0.0080437500728294
beagle_bito_direct,10,64,full,likelihood_time,0.0203205000143498
treeflow,1,128,jc,likelihood_time,0.7246823749737814
treeflow,1,128,full,likelihood_time,2.231974542024546
beagle_bito_direct,1,128,jc,likelihood_time,0.0134578329743817
beagle_bito_direct,1,128,full,likelihood_time,0.0465322500094771
treeflow,2,128,jc,likelihood_time,0.6762556250905618
treeflow,2,128,full,likelihood_time,2.15956904203631
beagle_bito_direct,2,128,jc,likelihood_time,0.0125449999468401
beagle_bito_direct,2,128,full,likelihood_time,0.0378609580220654
treeflow,3,128,jc,likelihood_time,0.7089705000398681
treeflow,3,128,full,likelihood_time,2.193752457969822
beagle_bito_direct,3,128,jc,likelihood_time,0.0133948330767452
beagle_bito_direct,3,128,full,likelihood_time,0.0419987499481067
treeflow,4,128,jc,likelihood_time,0.7463751250179484
treeflow,4,128,full,likelihood_time,2.306427334086038
beagle_bito_direct,4,128,jc,likelihood_time,0.0133928339928388
beagle_bito_direct,4,128,full,likelihood_time,0.0446027079597115
treeflow,5,128,jc,likelihood_time,0.7548020828980953
treeflow,5,128,full,likelihood_time,2.268041917006485
beagle_bito_direct,5,128,jc,likelihood_time,0.0131135829724371
beagle_bito_direct,5,128,full,likelihood_time,0.0443011670140549
treeflow,6,128,jc,likelihood_time,0.791015625
treeflow,6,128,full,likelihood_time,2.2145043330965564
beagle_bito_direct,6,128,jc,likelihood_time,0.013649542001076
beagle_bito_direct,6,128,full,likelihood_time,0.0430442920187488
treeflow,7,128,jc,likelihood_time,0.8092200000537559
treeflow,7,128,full,likelihood_time,2.2437500830274075
beagle_bito_direct,7,128,jc,likelihood_time,0.013331750058569
beagle_bito_direct,7,128,full,likelihood_time,0.0431285840459167
treeflow,8,128,jc,likelihood_time,0.7938404580345377
treeflow,8,128,full,likelihood_time,2.2840378750115633
beagle_bito_direct,8,128,jc,likelihood_time,0.0143218329176306
beagle_bito_direct,8,128,full,likelihood_time,0.0459248749539256
treeflow,9,128,jc,likelihood_time,0.7995991669595242
treeflow,9,128,full,likelihood_time,2.306936625041999
beagle_bito_direct,9,128,jc,likelihood_time,0.0136662500444799
beagle_bito_direct,9,128,full,likelihood_time,0.0458769579418003
treeflow,10,128,jc,likelihood_time,0.7993519590236247
treeflow,10,128,full,likelihood_time,2.329947999911383
beagle_bito_direct,10,128,jc,likelihood_time,0.0140266250818967
beagle_bito_direct,10,128,full,likelihood_time,0.0457955829333514
treeflow,1,256,jc,likelihood_time,1.7270754999481142
treeflow,1,256,full,likelihood_time,4.826114457915537
beagle_bito_direct,1,256,jc,likelihood_time,0.0277467919513583
beagle_bito_direct,1,256,full,likelihood_time,0.1106472080573439
treeflow,2,256,jc,likelihood_time,1.8341111249756068
treeflow,2,256,full,likelihood_time,4.9335726669523865
beagle_bito_direct,2,256,jc,likelihood_time,0.0315070420037955
beagle_bito_direct,2,256,full,likelihood_time,0.1142505420139059
treeflow,3,256,jc,likelihood_time,1.6513554999837652
treeflow,3,256,full,likelihood_time,4.812579834018834
beagle_bito_direct,3,256,jc,likelihood_time,0.0272582919569686
beagle_bito_direct,3,256,full,likelihood_time,0.1041031660279259
treeflow,4,256,jc,likelihood_time,1.865106749930419
treeflow,4,256,full,likelihood_time,4.999474541982636
beagle_bito_direct,4,256,jc,likelihood_time,0.0285562080098316
beagle_bito_direct,4,256,full,likelihood_time,0.1131311659701168
treeflow,5,256,jc,likelihood_time,1.8746561660664156
treeflow,5,256,full,likelihood_time,5.165885624941438
beagle_bito_direct,5,256,jc,likelihood_time,0.0365149169228971
beagle_bito_direct,5,256,full,likelihood_time,0.1156153749907389
treeflow,6,256,jc,likelihood_time,1.940527957980521
treeflow,6,256,full,likelihood_time,4.987199708935805
beagle_bito_direct,6,256,jc,likelihood_time,0.0305687499931082
beagle_bito_direct,6,256,full,likelihood_time,0.1184440830256789
treeflow,7,256,jc,likelihood_time,1.839578500017524
treeflow,7,256,full,likelihood_time,4.919956166995689
beagle_bito_direct,7,256,jc,likelihood_time,0.0291756250662729
beagle_bito_direct,7,256,full,likelihood_time,0.1109530420508235
treeflow,8,256,jc,likelihood_time,1.6244073749985546
treeflow,8,256,full,likelihood_time,4.900513791013509
beagle_bito_direct,8,256,jc,likelihood_time,0.0270794160896912
beagle_bito_direct,8,256,full,likelihood_time,0.1035236249445006
treeflow,9,256,jc,likelihood_time,1.7075449170079082
treeflow,9,256,full,likelihood_time,4.887448833906092
beagle_bito_direct,9,256,jc,likelihood_time,0.0265360419871285
beagle_bito_direct,9,256,full,likelihood_time,0.1023374579381197
treeflow,10,256,jc,likelihood_time,1.7903637919807809
treeflow,10,256,full,likelihood_time,5.064907041029073
beagle_bito_direct,10,256,jc,likelihood_time,0.0290726659586653
beagle_bito_direct,10,256,full,likelihood_time,0.1413947920082137
treeflow,1,512,jc,likelihood_time,4.253497333964333
treeflow,1,512,full,likelihood_time,10.486554499948396
beagle_bito_direct,1,512,jc,likelihood_time,0.0720439580036327
beagle_bito_direct,1,512,full,likelihood_time,0.2486355830915272
treeflow,2,512,jc,likelihood_time,4.042600375018083
treeflow,2,512,full,likelihood_time,10.430483667063529
beagle_bito_direct,2,512,jc,likelihood_time,0.0726494579575955
beagle_bito_direct,2,512,full,likelihood_time,0.2839294999139383
treeflow,3,512,jc,likelihood_time,4.308796499972232
treeflow,3,512,full,likelihood_time,10.626321458024904
beagle_bito_direct,3,512,jc,likelihood_time,0.0751190410228446
beagle_bito_direct,3,512,full,likelihood_time,0.2682343339547515
treeflow,4,512,jc,likelihood_time,4.154878833098337
treeflow,4,512,full,likelihood_time,10.45495479204692
beagle_bito_direct,4,512,jc,likelihood_time,0.0696270829066634
beagle_bito_direct,4,512,full,likelihood_time,0.2558714170008898
treeflow,5,512,jc,likelihood_time,4.3006169580621645
treeflow,5,512,full,likelihood_time,10.67672983300872
beagle_bito_direct,5,512,jc,likelihood_time,0.0728980830172076
beagle_bito_direct,5,512,full,likelihood_time,0.265636415919289
treeflow,6,512,jc,likelihood_time,4.1686382500920445
treeflow,6,512,full,likelihood_time,10.844747458933853
beagle_bito_direct,6,512,jc,likelihood_time,0.0735945829655975
beagle_bito_direct,6,512,full,likelihood_time,0.2650365830631926
treeflow,7,512,jc,likelihood_time,4.000503499992192
treeflow,7,512,full,likelihood_time,10.34771708410699
beagle_bito_direct,7,512,jc,likelihood_time,0.0742091670399531
beagle_bito_direct,7,512,full,likelihood_time,0.2546804170124233
treeflow,8,512,jc,likelihood_time,4.103206832893193
treeflow,8,512,full,likelihood_time,10.297894582967274
beagle_bito_direct,8,512,jc,likelihood_time,0.0664281250210478
beagle_bito_direct,8,512,full,likelihood_time,0.2420313750626519
treeflow,9,512,jc,likelihood_time,4.15062416694127
treeflow,9,512,full,likelihood_time,10.424995417008176
beagle_bito_direct,9,512,jc,likelihood_time,0.0690425420179963
beagle_bito_direct,9,512,full,likelihood_time,0.247609292040579
treeflow,10,512,jc,likelihood_time,4.139216999989003
treeflow,10,512,full,likelihood_time,10.587529750075191
beagle_bito_direct,10,512,jc,likelihood_time,0.0751490000402554
beagle_bito_direct,10,512,full,likelihood_time,0.260534125030972
treeflow,1,1024,jc,likelihood_time,9.236588416970337
treeflow,1,1024,full,likelihood_time,22.932597875013016
beagle_bito_direct,1,1024,jc,likelihood_time,0.1626721669454127
beagle_bito_direct,1,1024,full,likelihood_time,0.6112398749683052
treeflow,2,1024,jc,likelihood_time,9.553697791998276
treeflow,2,1024,full,likelihood_time,23.10037612495944
beagle_bito_direct,2,1024,jc,likelihood_time,0.1646052920259535
beagle_bito_direct,2,1024,full,likelihood_time,0.6178127920720726
treeflow,3,1024,jc,likelihood_time,9.36700062500313
treeflow,3,1024,full,likelihood_time,22.76427733292803
beagle_bito_direct,3,1024,jc,likelihood_time,0.1614828329766169
beagle_bito_direct,3,1024,full,likelihood_time,0.6370551660656929
treeflow,4,1024,jc,likelihood_time,9.253116958076134
treeflow,4,1024,full,likelihood_time,22.838198542012833
beagle_bito_direct,4,1024,jc,likelihood_time,0.1584777920506894
beagle_bito_direct,4,1024,full,likelihood_time,0.5951510000741109
treeflow,5,1024,jc,likelihood_time,9.575555584044196
treeflow,5,1024,full,likelihood_time,23.001488083973527
beagle_bito_direct,5,1024,jc,likelihood_time,0.1643639169633388
beagle_bito_direct,5,1024,full,likelihood_time,0.6109834170201793
treeflow,6,1024,jc,likelihood_time,9.469535458949396
treeflow,6,1024,full,likelihood_time,23.013342416030355
beagle_bito_direct,6,1024,jc,likelihood_time,0.1631198750110343
beagle_bito_direct,6,1024,full,likelihood_time,0.6139975000405684
treeflow,7,1024,jc,likelihood_time,9.40974037500564
treeflow,7,1024,full,likelihood_time,22.747192707960497
beagle_bito_direct,7,1024,jc,likelihood_time,0.1592853750335052
beagle_bito_direct,7,1024,full,likelihood_time,0.6230180840939283
treeflow,8,1024,jc,likelihood_time,9.324293624958957
treeflow,8,1024,full,likelihood_time,22.384404957992956
beagle_bito_direct,8,1024,jc,likelihood_time,0.1603623749688267
beagle_bito_direct,8,1024,full,likelihood_time,0.6032920000143349
treeflow,9,1024,jc,likelihood_time,8.816436541033909
treeflow,9,1024,full,likelihood_time,22.647269124980085
beagle_bito_direct,9,1024,jc,likelihood_time,0.1534452920313924
beagle_bito_direct,9,1024,full,likelihood_time,0.5920744159957394
treeflow,10,1024,jc,likelihood_time,9.118096375023017
treeflow,10,1024,full,likelihood_time,22.640442374977283
beagle_bito_direct,10,1024,jc,likelihood_time,0.1609416670398786
beagle_bito_direct,10,1024,full,likelihood_time,0.605860915966332
treeflow,1,2048,jc,likelihood_time,23.766138874925673
treeflow,1,2048,full,likelihood_time,54.63969295809511
beagle_bito_direct,1,2048,jc,likelihood_time,0.3640175409382209
beagle_bito_direct,1,2048,full,likelihood_time,1.3715264999773351
treeflow,2,2048,jc,likelihood_time,23.416368125006557
treeflow,2,2048,full,likelihood_time,58.361484541906975
beagle_bito_direct,2,2048,jc,likelihood_time,0.3644709580112248
beagle_bito_direct,2,2048,full,likelihood_time,1.3372892920160666
treeflow,3,2048,jc,likelihood_time,23.409395916038193
treeflow,3,2048,full,likelihood_time,57.59258612501435
beagle_bito_direct,3,2048,jc,likelihood_time,0.3655264580156654
beagle_bito_direct,3,2048,full,likelihood_time,1.3215086669661105
treeflow,4,2048,jc,likelihood_time,24.12999345897697
treeflow,4,2048,full,likelihood_time,58.25772925000638
beagle_bito_direct,4,2048,jc,likelihood_time,0.3851642090594396
beagle_bito_direct,4,2048,full,likelihood_time,1.3644887089030815
treeflow,5,2048,jc,likelihood_time,23.98137479100842
treeflow,5,2048,full,likelihood_time,59.21098337508738
beagle_bito_direct,5,2048,jc,likelihood_time,0.3925082500791177
beagle_bito_direct,5,2048,full,likelihood_time,1.361651291954331
treeflow,6,2048,jc,likelihood_time,24.00776283396408
treeflow,6,2048,full,likelihood_time,54.69807691592723
beagle_bito_direct,6,2048,jc,likelihood_time,0.3695469999220222
beagle_bito_direct,6,2048,full,likelihood_time,1.3455816250061616
treeflow,7,2048,jc,likelihood_time,23.855102416942827
treeflow,7,2048,full,likelihood_time,56.421294541913085
beagle_bito_direct,7,2048,jc,likelihood_time,0.3645886249141767
beagle_bito_direct,7,2048,full,likelihood_time,1.3378087910823524
treeflow,8,2048,jc,likelihood_time,23.406305624987
treeflow,8,2048,full,likelihood_time,54.423503207974136
beagle_bito_direct,8,2048,jc,likelihood_time,0.3595204999437555
beagle_bito_direct,8,2048,full,likelihood_time,1.3349523330107331
treeflow,9,2048,jc,likelihood_time,23.532058957964185
treeflow,9,2048,full,likelihood_time,57.48429779103026
beagle_bito_direct,9,2048,jc,likelihood_time,0.3744060000171885
beagle_bito_direct,9,2048,full,likelihood_time,1.3377668749308214
treeflow,10,2048,jc,likelihood_time,24.125393291004
treeflow,10,2048,full,likelihood_time,54.511490167002194
beagle_bito_direct,10,2048,jc,likelihood_time,0.3573260420234874
beagle_bito_direct,10,2048,full,likelihood_time,1.3137699579820037
jax,1,32,jc,likelihood_time,1.4212950420333073
jax,1,32,full,likelihood_time,1.7856265410082417
jax,2,32,jc,likelihood_time,1.4001845830352977
jax,2,32,full,likelihood_time,1.9106704159639776
jax,3,32,jc,likelihood_time,1.4660457079298794
jax,3,32,full,likelihood_time,1.839682292076759
jax,4,32,jc,likelihood_time,1.4060248750029132
jax,4,32,full,likelihood_time,1.7386974580585957
jax,5,32,jc,likelihood_time,1.428431749925949
jax,5,32,full,likelihood_time,1.7124622500268742
jax,6,32,jc,likelihood_time,1.4344239169731736
jax,6,32,full,likelihood_time,1.8501704590162265
jax,7,32,jc,likelihood_time,1.5643906249897557
jax,7,32,full,likelihood_time,1.7139349589124322
jax,8,32,jc,likelihood_time,1.4251790420385078
jax,8,32,full,likelihood_time,1.8090081249829384
jax,9,32,jc,likelihood_time,1.3905261249747127
jax,9,32,full,likelihood_time,1.7248540830332786
jax,10,32,jc,likelihood_time,1.4223663340089845
jax,10,32,full,likelihood_time,1.6941445840056986
jax,1,64,jc,likelihood_time,2.832712750067003
jax,1,64,full,likelihood_time,3.1767515409737825
jax,2,64,jc,likelihood_time,2.8118352909805253
jax,2,64,full,likelihood_time,3.1633721250109375
jax,3,64,jc,likelihood_time,2.7960632080212235
jax,3,64,full,likelihood_time,3.209127458045259
jax,4,64,jc,likelihood_time,2.8086186670698225
jax,4,64,full,likelihood_time,3.2031450420618057
jax,5,64,jc,likelihood_time,2.813701582956128
jax,5,64,full,likelihood_time,3.4055317499442026
jax,6,64,jc,likelihood_time,2.839944791980088
jax,6,64,full,likelihood_time,3.4012153749354184
jax,7,64,jc,likelihood_time,2.806570958928205
jax,7,64,full,likelihood_time,3.476362999994308
jax,8,64,jc,likelihood_time,3.333045667037368
jax,8,64,full,likelihood_time,3.180342165986076
jax,9,64,jc,likelihood_time,2.8008839999092743
jax,9,64,full,likelihood_time,3.164046457968652
jax,10,64,jc,likelihood_time,2.874725541914813
jax,10,64,full,likelihood_time,3.388474000035785
jax,1,128,jc,likelihood_time,5.610021792002954
jax,1,128,full,likelihood_time,6.399021708057262
jax,2,128,jc,likelihood_time,5.781526832957752
jax,2,128,full,likelihood_time,6.256616957951337
jax,3,128,jc,likelihood_time,5.609593625064008
jax,3,128,full,likelihood_time,6.326095124939457
jax,4,128,jc,likelihood_time,5.5778861249564216
jax,4,128,full,likelihood_time,6.297074832953513
jax,5,128,jc,likelihood_time,5.967171457945369
jax,5,128,full,likelihood_time,6.472472166991793
jax,6,128,jc,likelihood_time,5.593766250065528
jax,6,128,full,likelihood_time,6.299430665909313
jax,7,128,jc,likelihood_time,5.654836625093594
jax,7,128,full,likelihood_time,6.2918687500059605
jax,8,128,jc,likelihood_time,5.7109409580007195
jax,8,128,full,likelihood_time,6.306796959019266
jax,9,128,jc,likelihood_time,5.560229666996747
jax,9,128,full,likelihood_time,6.27762079203967
jax,10,128,jc,likelihood_time,5.63197870797012
jax,10,128,full,likelihood_time,6.267031957977451
jax,1,256,jc,likelihood_time,11.998522000038063
jax,1,256,full,likelihood_time,15.826110249967314
jax,2,256,jc,likelihood_time,12.132411750033498
jax,2,256,full,likelihood_time,17.41152212501038
jax,3,256,jc,likelihood_time,12.167120791971684
jax,3,256,full,likelihood_time,16.897417708998546
jax,4,256,jc,likelihood_time,11.744058582931755
jax,4,256,full,likelihood_time,16.45057799993083
jax,5,256,jc,likelihood_time,12.001142457942478
jax,5,256,full,likelihood_time,16.801054541021585
jax,6,256,jc,likelihood_time,11.867194958031178
jax,6,256,full,likelihood_time,17.13846633292269
jax,7,256,jc,likelihood_time,12.110143875004724
jax,7,256,full,likelihood_time,16.28632429195568
jax,8,256,jc,likelihood_time,11.87229508406017
jax,8,256,full,likelihood_time,15.512272750027478
jax,9,256,jc,likelihood_time,11.830576749984177
jax,9,256,full,likelihood_time,16.350681000039913
jax,10,256,jc,likelihood_time,12.174873332958668
jax,10,256,full,likelihood_time,17.063326166942716
jax,1,512,jc,likelihood_time,23.33216333400924
jax,1,512,full,likelihood_time,63.871958667063154
jax,2,512,jc,likelihood_time,23.113056417088956
jax,2,512,full,likelihood_time,65.53104162495583
jax,3,512,jc,likelihood_time,23.219389165984467
jax,3,512,full,likelihood_time,69.39698662504088
jax,4,512,jc,likelihood_time,24.05745079205371
jax,4,512,full,likelihood_time,66.16234258306213
jax,5,512,jc,likelihood_time,23.31200016709045
jax,5,512,full,likelihood_time,67.79435387498233
jax,6,512,jc,likelihood_time,23.231698916992173
jax,6,512,full,likelihood_time,67.29838029202074
jax,7,512,jc,likelihood_time,24.422440791968256
jax,7,512,full,likelihood_time,64.63701979105826
jax,8,512,jc,likelihood_time,23.260178499971516
jax,8,512,full,likelihood_time,62.14220408303663
jax,9,512,jc,likelihood_time,23.928291792050004
jax,9,512,full,likelihood_time,63.18927154201083
jax,10,512,jc,likelihood_time,24.6398109580623
jax,10,512,full,likelihood_time,63.83348174998537
treeflow,1,32,jc,phylo_gradients_time,0.3676009579794481
treeflow,1,32,full,phylo_gradients_time,1.2300426249857992
beagle_bito_direct,1,32,jc,phylo_gradients_time,0.0143945410382002
beagle_bito_direct,1,32,full,phylo_gradients_time,0.1674474999308586
treeflow,2,32,jc,phylo_gradients_time,0.3441827079514041
treeflow,2,32,full,phylo_gradients_time,1.0710301250219345
beagle_bito_direct,2,32,jc,phylo_gradients_time,0.0133578749373555
beagle_bito_direct,2,32,full,phylo_gradients_time,0.1466892920434475
treeflow,3,32,jc,phylo_gradients_time,0.3642404159763828
treeflow,3,32,full,phylo_gradients_time,1.202780916937627
beagle_bito_direct,3,32,jc,phylo_gradients_time,0.0138776659732684
beagle_bito_direct,3,32,full,phylo_gradients_time,0.1599335839273408
treeflow,4,32,jc,phylo_gradients_time,0.4244366659549996
treeflow,4,32,full,phylo_gradients_time,1.3461671669501811
beagle_bito_direct,4,32,jc,phylo_gradients_time,0.0146536669926717
beagle_bito_direct,4,32,full,phylo_gradients_time,0.1677004999946802
treeflow,5,32,jc,phylo_gradients_time,0.3641533330082893
treeflow,5,32,full,phylo_gradients_time,1.171030749916099
beagle_bito_direct,5,32,jc,phylo_gradients_time,0.014397749910131
beagle_bito_direct,5,32,full,phylo_gradients_time,0.161157458089292
treeflow,6,32,jc,phylo_gradients_time,0.362927041016519
treeflow,6,32,full,phylo_gradients_time,1.1443421670701357
beagle_bito_direct,6,32,jc,phylo_gradients_time,0.0146451250184327
beagle_bito_direct,6,32,full,phylo_gradients_time,0.1724256660090759
treeflow,7,32,jc,phylo_gradients_time,0.3566018749261275
treeflow,7,32,full,phylo_gradients_time,1.1529162499355152
beagle_bito_direct,7,32,jc,phylo_gradients_time,0.0139233749359846
beagle_bito_direct,7,32,full,phylo_gradients_time,0.1640253340592607
treeflow,8,32,jc,phylo_gradients_time,0.4014609170844778
treeflow,8,32,full,phylo_gradients_time,1.3441924169892443
beagle_bito_direct,8,32,jc,phylo_gradients_time,0.0164625409524887
beagle_bito_direct,8,32,full,phylo_gradients_time,0.185187124996446
treeflow,9,32,jc,phylo_gradients_time,0.3482764579821378
treeflow,9,32,full,phylo_gradients_time,1.060784374945797
beagle_bito_direct,9,32,jc,phylo_gradients_time,0.0132542080245912
beagle_bito_direct,9,32,full,phylo_gradients_time,0.1436699170153588
treeflow,10,32,jc,phylo_gradients_time,0.3413388750050217
treeflow,10,32,full,phylo_gradients_time,1.055798750021495
beagle_bito_direct,10,32,jc,phylo_gradients_time,0.0129322500433772
beagle_bito_direct,10,32,full,phylo_gradients_time,0.1452163750072941
treeflow,1,64,jc,phylo_gradients_time,0.8613355410052463
treeflow,1,64,full,phylo_gradients_time,2.9523111670278013
beagle_bito_direct,1,64,jc,phylo_gradients_time,0.0347494169836863
beagle_bito_direct,1,64,full,phylo_gradients_time,0.3918735419865697
treeflow,2,64,jc,phylo_gradients_time,0.7859521250938997
treeflow,2,64,full,phylo_gradients_time,2.819509042077698
beagle_bito_direct,2,64,jc,phylo_gradients_time,0.025755290989764
beagle_bito_direct,2,64,full,phylo_gradients_time,0.3647845829837024
treeflow,3,64,jc,phylo_gradients_time,0.802087250049226
treeflow,3,64,full,phylo_gradients_time,2.9770264589460567
beagle_bito_direct,3,64,jc,phylo_gradients_time,0.0285211669979617
beagle_bito_direct,3,64,full,phylo_gradients_time,0.4080437920056283
treeflow,4,64,jc,phylo_gradients_time,0.7952072499319911
treeflow,4,64,full,phylo_gradients_time,2.9121870829258114
beagle_bito_direct,4,64,jc,phylo_gradients_time,0.0269371670437976
beagle_bito_direct,4,64,full,phylo_gradients_time,0.3805793749634176
treeflow,5,64,jc,phylo_gradients_time,0.8614233749685809
treeflow,5,64,full,phylo_gradients_time,3.0952062499709427
beagle_bito_direct,5,64,jc,phylo_gradients_time,0.0309375000651925
beagle_bito_direct,5,64,full,phylo_gradients_time,0.4259128749836236
treeflow,6,64,jc,phylo_gradients_time,0.8720753330271691
treeflow,6,64,full,phylo_gradients_time,3.4926506660412997
beagle_bito_direct,6,64,jc,phylo_gradients_time,0.036094291950576
beagle_bito_direct,6,64,full,phylo_gradients_time,0.5010928339324892
treeflow,7,64,jc,phylo_gradients_time,0.8641877500340343
treeflow,7,64,full,phylo_gradients_time,2.8903579999459907
beagle_bito_direct,7,64,jc,phylo_gradients_time,0.0305309579707682
beagle_bito_direct,7,64,full,phylo_gradients_time,0.3881459169788286
treeflow,8,64,jc,phylo_gradients_time,0.8306477080332115
treeflow,8,64,full,phylo_gradients_time,2.93352020799648
beagle_bito_direct,8,64,jc,phylo_gradients_time,0.027572541963309
beagle_bito_direct,8,64,full,phylo_gradients_time,0.3855090419529006
treeflow,9,64,jc,phylo_gradients_time,0.8563245830591768
treeflow,9,64,full,phylo_gradients_time,2.9298685418907553
beagle_bito_direct,9,64,jc,phylo_gradients_time,0.0285733330529183
beagle_bito_direct,9,64,full,phylo_gradients_time,0.4099986670771613
treeflow,10,64,jc,phylo_gradients_time,0.8574164999881759
treeflow,10,64,full,phylo_gradients_time,3.2314310839865357
beagle_bito_direct,10,64,jc,phylo_gradients_time,0.0337046670028939
beagle_bito_direct,10,64,full,phylo_gradients_time,0.4642480419715866
treeflow,1,128,jc,phylo_gradients_time,1.870136999990791
treeflow,1,128,full,phylo_gradients_time,7.900728625012562
beagle_bito_direct,1,128,jc,phylo_gradients_time,0.0689612500136718
beagle_bito_direct,1,128,full,phylo_gradients_time,1.0533089999808
treeflow,2,128,jc,phylo_gradients_time,1.766665832954459
treeflow,2,128,full,phylo_gradients_time,7.001746583962813
beagle_bito_direct,2,128,jc,phylo_gradients_time,0.0613277909578755
beagle_bito_direct,2,128,full,phylo_gradients_time,0.9535567079437895
treeflow,3,128,jc,phylo_gradients_time,1.803523249924183
treeflow,3,128,full,phylo_gradients_time,7.474530582898296
beagle_bito_direct,3,128,jc,phylo_gradients_time,0.0644239579560235
beagle_bito_direct,3,128,full,phylo_gradients_time,1.0087503750110045
treeflow,4,128,jc,phylo_gradients_time,1.9133786249440163
treeflow,4,128,full,phylo_gradients_time,7.995748374960385
beagle_bito_direct,4,128,jc,phylo_gradients_time,0.0686374580254778
beagle_bito_direct,4,128,full,phylo_gradients_time,1.101695292047225
treeflow,5,128,jc,phylo_gradients_time,1.9969636669848112
treeflow,5,128,full,phylo_gradients_time,7.8921222910285
beagle_bito_direct,5,128,jc,phylo_gradients_time,0.066822167020291
beagle_bito_direct,5,128,full,phylo_gradients_time,1.0625142919598147
treeflow,6,128,jc,phylo_gradients_time,2.0161552079953253
treeflow,6,128,full,phylo_gradients_time,7.716914416989312
beagle_bito_direct,6,128,jc,phylo_gradients_time,0.0674695000052452
beagle_bito_direct,6,128,full,phylo_gradients_time,1.066399083007127
treeflow,7,128,jc,phylo_gradients_time,2.029322916991078
treeflow,7,128,full,phylo_gradients_time,7.92221700004302
beagle_bito_direct,7,128,jc,phylo_gradients_time,0.069697167025879
beagle_bito_direct,7,128,full,phylo_gradients_time,1.110462083015591
treeflow,8,128,jc,phylo_gradients_time,2.0573716670041904
treeflow,8,128,full,phylo_gradients_time,7.970018457970582
beagle_bito_direct,8,128,jc,phylo_gradients_time,0.0759590829256922
beagle_bito_direct,8,128,full,phylo_gradients_time,1.1338262499775738
treeflow,9,128,jc,phylo_gradients_time,2.1106569999828935
treeflow,9,128,full,phylo_gradients_time,8.251008499995805
beagle_bito_direct,9,128,jc,phylo_gradients_time,0.0724139170488342
beagle_bito_direct,9,128,full,phylo_gradients_time,1.147993916994892
treeflow,10,128,jc,phylo_gradients_time,2.119810333941132
treeflow,10,128,full,phylo_gradients_time,8.43419299996458
beagle_bito_direct,10,128,jc,phylo_gradients_time,0.0744339580414816
beagle_bito_direct,10,128,full,phylo_gradients_time,1.1463527500163764
treeflow,1,256,jc,phylo_gradients_time,4.7888588750502095
treeflow,1,256,full,phylo_gradients_time,17.060820917016827
beagle_bito_direct,1,256,jc,phylo_gradients_time,0.1696523749269545
beagle_bito_direct,1,256,full,phylo_gradients_time,2.7815449580084532
treeflow,2,256,jc,phylo_gradients_time,5.075010124943219
treeflow,2,256,full,phylo_gradients_time,17.68437500006985
beagle_bito_direct,2,256,jc,phylo_gradients_time,0.1873678329866379
beagle_bito_direct,2,256,full,phylo_gradients_time,2.9307651249691844
treeflow,3,256,jc,phylo_gradients_time,4.522352166008204
treeflow,3,256,full,phylo_gradients_time,16.79846237495076
beagle_bito_direct,3,256,jc,phylo_gradients_time,0.1672903340077027
beagle_bito_direct,3,256,full,phylo_gradients_time,2.6288099999073893
treeflow,4,256,jc,phylo_gradients_time,5.164234875002876
treeflow,4,256,full,phylo_gradients_time,17.59341437497642
beagle_bito_direct,4,256,jc,phylo_gradients_time,0.1801592080155387
beagle_bito_direct,4,256,full,phylo_gradients_time,2.8583977919770405
treeflow,5,256,jc,phylo_gradients_time,5.084974917001091
treeflow,5,256,full,phylo_gradients_time,17.988058874965645
beagle_bito_direct,5,256,jc,phylo_gradients_time,0.1907159999245777
beagle_bito_direct,5,256,full,phylo_gradients_time,2.922001749975607
treeflow,6,256,jc,phylo_gradients_time,5.298821458010934
treeflow,6,256,full,phylo_gradients_time,18.179709292016923
beagle_bito_direct,6,256,jc,phylo_gradients_time,0.1895433330209925
beagle_bito_direct,6,256,full,phylo_gradients_time,3.0178719999967143
treeflow,7,256,jc,phylo_gradients_time,5.069624708965421
treeflow,7,256,full,phylo_gradients_time,17.198713082936592
beagle_bito_direct,7,256,jc,phylo_gradients_time,0.1769663750892505
beagle_bito_direct,7,256,full,phylo_gradients_time,2.851439790916629
treeflow,8,256,jc,phylo_gradients_time,4.436838999972679
treeflow,8,256,full,phylo_gradients_time,16.871043542050757
beagle_bito_direct,8,256,jc,phylo_gradients_time,0.1636305000865832
beagle_bito_direct,8,256,full,phylo_gradients_time,2.6072939169825986
treeflow,9,256,jc,phylo_gradients_time,4.6230111659970134
treeflow,9,256,full,phylo_gradients_time,16.7515720409574
beagle_bito_direct,9,256,jc,phylo_gradients_time,0.1615932499989867
beagle_bito_direct,9,256,full,phylo_gradients_time,2.5899039999349043
treeflow,10,256,jc,phylo_gradients_time,5.189900915953331
treeflow,10,256,full,phylo_gradients_time,17.291266207932495
beagle_bito_direct,10,256,jc,phylo_gradients_time,0.1798264170065522
beagle_bito_direct,10,256,full,phylo_gradients_time,3.136617042007856
treeflow,1,512,jc,phylo_gradients_time,12.42689216590952
treeflow,1,512,full,phylo_gradients_time,40.84396570897661
beagle_bito_direct,1,512,jc,phylo_gradients_time,0.4275732919340953
beagle_bito_direct,1,512,full,phylo_gradients_time,6.663899541017599
treeflow,2,512,jc,phylo_gradients_time,11.76113366696518
treeflow,2,512,full,phylo_gradients_time,41.29373516701162
beagle_bito_direct,2,512,jc,phylo_gradients_time,0.4546977910213172
beagle_bito_direct,2,512,full,phylo_gradients_time,7.228823499986902
treeflow,3,512,jc,phylo_gradients_time,12.267437916947529
treeflow,3,512,full,phylo_gradients_time,41.82113220798783
beagle_bito_direct,3,512,jc,phylo_gradients_time,0.4586311250459403
beagle_bito_direct,3,512,full,phylo_gradients_time,7.058713749982417
treeflow,4,512,jc,phylo_gradients_time,11.961870915954933
treeflow,4,512,full,phylo_gradients_time,40.76737520901952
beagle_bito_direct,4,512,jc,phylo_gradients_time,0.4156244170153513
beagle_bito_direct,4,512,full,phylo_gradients_time,6.79961133399047
treeflow,5,512,jc,phylo_gradients_time,12.293116167071275
treeflow,5,512,full,phylo_gradients_time,41.781331500038505
beagle_bito_direct,5,512,jc,phylo_gradients_time,0.4366729160537943
beagle_bito_direct,5,512,full,phylo_gradients_time,7.052106957999058
treeflow,6,512,jc,phylo_gradients_time,11.888990541920066
treeflow,6,512,full,phylo_gradients_time,41.19556437502615
beagle_bito_direct,6,512,jc,phylo_gradients_time,0.4534109170781448
beagle_bito_direct,6,512,full,phylo_gradients_time,6.965713290963322
treeflow,7,512,jc,phylo_gradients_time,11.544384667067789
treeflow,7,512,full,phylo_gradients_time,40.89145162492059
beagle_bito_direct,7,512,jc,phylo_gradients_time,0.4232377500738948
beagle_bito_direct,7,512,full,phylo_gradients_time,6.894275415921584
treeflow,8,512,jc,phylo_gradients_time,11.787889249972068
treeflow,8,512,full,phylo_gradients_time,39.95352570794057
beagle_bito_direct,8,512,jc,phylo_gradients_time,0.401606332976371
beagle_bito_direct,8,512,full,phylo_gradients_time,6.357850500033237
treeflow,9,512,jc,phylo_gradients_time,11.976960084051823
treeflow,9,512,full,phylo_gradients_time,40.27862091700081
beagle_bito_direct,9,512,jc,phylo_gradients_time,0.4114860000554472
beagle_bito_direct,9,512,full,phylo_gradients_time,6.614985458087176
treeflow,10,512,jc,phylo_gradients_time,11.897310749976896
treeflow,10,512,full,phylo_gradients_time,41.21133258298505
beagle_bito_direct,10,512,jc,phylo_gradients_time,0.4433006671024486
beagle_bito_direct,10,512,full,phylo_gradients_time,6.742577082943171
treeflow,1,1024,jc,phylo_gradients_time,38.3007759579923
treeflow,1,1024,full,phylo_gradients_time,95.99983520805836
beagle_bito_direct,1,1024,jc,phylo_gradients_time,1.050853208056651
beagle_bito_direct,1,1024,full,phylo_gradients_time,16.25932162499521
treeflow,2,1024,jc,phylo_gradients_time,37.81915925000794
treeflow,2,1024,full,phylo_gradients_time,92.35284933296498
beagle_bito_direct,2,1024,jc,phylo_gradients_time,1.0510722919134423
beagle_bito_direct,2,1024,full,phylo_gradients_time,16.253793583018705
treeflow,3,1024,jc,phylo_gradients_time,38.56304399995133
treeflow,3,1024,full,phylo_gradients_time,90.29785316705238
beagle_bito_direct,3,1024,jc,phylo_gradients_time,1.0547144169686362
beagle_bito_direct,3,1024,full,phylo_gradients_time,16.97742854198441
treeflow,4,1024,jc,phylo_gradients_time,39.04145787493326
treeflow,4,1024,full,phylo_gradients_time,91.69387045898476
beagle_bito_direct,4,1024,jc,phylo_gradients_time,0.976840874995105
beagle_bito_direct,4,1024,full,phylo_gradients_time,15.76147391705308
treeflow,5,1024,jc,phylo_gradients_time,39.36234850005712
treeflow,5,1024,full,phylo_gradients_time,92.88639016705564
beagle_bito_direct,5,1024,jc,phylo_gradients_time,1.0606102501042187
beagle_bito_direct,5,1024,full,phylo_gradients_time,16.358650374924764
treeflow,6,1024,jc,phylo_gradients_time,38.919070333009586
treeflow,6,1024,full,phylo_gradients_time,93.02898608404212
beagle_bito_direct,6,1024,jc,phylo_gradients_time,1.042320542037487
beagle_bito_direct,6,1024,full,phylo_gradients_time,16.291421666974202
treeflow,7,1024,jc,phylo_gradients_time,39.26085408299696
treeflow,7,1024,full,phylo_gradients_time,91.21707195800263
beagle_bito_direct,7,1024,jc,phylo_gradients_time,1.0506098750047386
beagle_bito_direct,7,1024,full,phylo_gradients_time,16.652168457978405
treeflow,8,1024,jc,phylo_gradients_time,38.208261125022545
treeflow,8,1024,full,phylo_gradients_time,90.69738354196306
beagle_bito_direct,8,1024,jc,phylo_gradients_time,1.0129998750053346
beagle_bito_direct,8,1024,full,phylo_gradients_time,15.880092000006698
treeflow,9,1024,jc,phylo_gradients_time,37.72440441593062
treeflow,9,1024,full,phylo_gradients_time,89.98658545792568
beagle_bito_direct,9,1024,jc,phylo_gradients_time,0.9812002499820665
beagle_bito_direct,9,1024,full,phylo_gradients_time,15.600276791956276
treeflow,10,1024,jc,phylo_gradients_time,37.82033554208465
treeflow,10,1024,full,phylo_gradients_time,91.68070883408654
beagle_bito_direct,10,1024,jc,phylo_gradients_time,1.040975125040859
beagle_bito_direct,10,1024,full,phylo_gradients_time,16.221117374952883
treeflow,1,2048,jc,phylo_gradients_time,107.48278691701124
treeflow,1,2048,full,phylo_gradients_time,256.5744881249266
beagle_bito_direct,1,2048,jc,phylo_gradients_time,2.313673916971311
beagle_bito_direct,1,2048,full,phylo_gradients_time,35.59897387493402
treeflow,2,2048,jc,phylo_gradients_time,104.27778324997053
treeflow,2,2048,full,phylo_gradients_time,261.78329458402004
beagle_bito_direct,2,2048,jc,phylo_gradients_time,2.4336870420956984
beagle_bito_direct,2,2048,full,phylo_gradients_time,36.2458847919479
treeflow,3,2048,jc,phylo_gradients_time,104.9704310420202
treeflow,3,2048,full,phylo_gradients_time,255.53603354108057
beagle_bito_direct,3,2048,jc,phylo_gradients_time,2.3677911249687895
beagle_bito_direct,3,2048,full,phylo_gradients_time,35.38390883302782
treeflow,4,2048,jc,phylo_gradients_time,107.53821433300618
treeflow,4,2048,full,phylo_gradients_time,254.38437912496735
beagle_bito_direct,4,2048,jc,phylo_gradients_time,2.4075957909226418
beagle_bito_direct,4,2048,full,phylo_gradients_time,35.99674608302303
treeflow,5,2048,jc,phylo_gradients_time,106.80721724999604
treeflow,5,2048,full,phylo_gradients_time,258.84120466699824
beagle_bito_direct,5,2048,jc,phylo_gradients_time,2.4586701249936596
beagle_bito_direct,5,2048,full,phylo_gradients_time,36.44162841606885
treeflow,6,2048,jc,phylo_gradients_time,105.7668426670134
treeflow,6,2048,full,phylo_gradients_time,261.7735392500181
beagle_bito_direct,6,2048,jc,phylo_gradients_time,2.3764840409858152
beagle_bito_direct,6,2048,full,phylo_gradients_time,35.354398207971826
treeflow,7,2048,jc,phylo_gradients_time,106.20968550001272
treeflow,7,2048,full,phylo_gradients_time,251.00964125001337
beagle_bito_direct,7,2048,jc,phylo_gradients_time,2.3588382499292493
beagle_bito_direct,7,2048,full,phylo_gradients_time,35.6768194999313
treeflow,8,2048,jc,phylo_gradients_time,103.38191062503029
treeflow,8,2048,full,phylo_gradients_time,250.63943745801225
beagle_bito_direct,8,2048,jc,phylo_gradients_time,2.32744616700802
beagle_bito_direct,8,2048,full,phylo_gradients_time,35.67062570806593
treeflow,9,2048,jc,phylo_gradients_time,104.73414341709577
treeflow,9,2048,full,phylo_gradients_time,253.66798974992707
beagle_bito_direct,9,2048,jc,phylo_gradients_time,2.4215949999634176
beagle_bito_direct,9,2048,full,phylo_gradients_time,35.855543750105426
treeflow,10,2048,jc,phylo_gradients_time,107.87233000004198
treeflow,10,2048,full,phylo_gradients_time,250.03166387497913
beagle_bito_direct,10,2048,jc,phylo_gradients_time,2.3257701670518145
beagle_bito_direct,10,2048,full,phylo_gradients_time,35.411781584029086
jax,1,32,jc,phylo_gradients_time,14.26368974999059
jax,1,32,full,phylo_gradients_time,20.79221983405296
jax,2,32,jc,phylo_gradients_time,14.21267037501093
jax,2,32,full,phylo_gradients_time,20.54087150003761
jax,3,32,jc,phylo_gradients_time,14.728783834027126
jax,3,32,full,phylo_gradients_time,20.961193999974057
jax,4,32,jc,phylo_gradients_time,14.310739832930269
jax,4,32,full,phylo_gradients_time,20.31740958301816
jax,5,32,jc,phylo_gradients_time,15.356827083043754
jax,5,32,full,phylo_gradients_time,20.28916579100769
jax,6,32,jc,phylo_gradients_time,14.530786541989071
jax,6,32,full,phylo_gradients_time,21.558505082968622
jax,7,32,jc,phylo_gradients_time,14.682321375003085
jax,7,32,full,phylo_gradients_time,20.27633154101204
jax,8,32,jc,phylo_gradients_time,14.3941232500365
jax,8,32,full,phylo_gradients_time,21.01326262508519
jax,9,32,jc,phylo_gradients_time,14.182021124986932
jax,9,32,full,phylo_gradients_time,20.525545291951858
jax,10,32,jc,phylo_gradients_time,14.995688583003355
jax,10,32,full,phylo_gradients_time,19.9526028749533
jax,1,64,jc,phylo_gradients_time,30.201127416919917
jax,1,64,full,phylo_gradients_time,38.984595292015
jax,2,64,jc,phylo_gradients_time,30.09450995794032
jax,2,64,full,phylo_gradients_time,40.196375499945134
jax,3,64,jc,phylo_gradients_time,30.03880954196211
jax,3,64,full,phylo_gradients_time,38.864637707942165
jax,4,64,jc,phylo_gradients_time,29.95408649998717
jax,4,64,full,phylo_gradients_time,37.83715937496163
jax,5,64,jc,phylo_gradients_time,30.16354020801373
jax,5,64,full,phylo_gradients_time,39.266638541943394
jax,6,64,jc,phylo_gradients_time,30.745366416987963
jax,6,64,full,phylo_gradients_time,38.906474916031584
jax,7,64,jc,phylo_gradients_time,29.8612391250208
jax,7,64,full,phylo_gradients_time,40.93827479192987
jax,8,64,jc,phylo_gradients_time,31.76961383398157
jax,8,64,full,phylo_gradients_time,37.92452416603919
jax,9,64,jc,phylo_gradients_time,30.26826133299619
jax,9,64,full,phylo_gradients_time,38.69250637490768
jax,10,64,jc,phylo_gradients_time,30.280006457935087
jax,10,64,full,phylo_gradients_time,38.99858341703657
jax,1,128,jc,phylo_gradients_time,64.33405416691676
jax,1,128,full,phylo_gradients_time,76.92130858299788
jax,2,128,jc,phylo_gradients_time,65.49352737504523
jax,2,128,full,phylo_gradients_time,77.22070275002625
jax,3,128,jc,phylo_gradients_time,63.96362508297898
jax,3,128,full,phylo_gradients_time,77.65476337494329
jax,4,128,jc,phylo_gradients_time,65.80530941695906
jax,4,128,full,phylo_gradients_time,76.36381795804482
jax,5,128,jc,phylo_gradients_time,71.00122816709336
jax,5,128,full,phylo_gradients_time,76.49351141706575
jax,6,128,jc,phylo_gradients_time,64.00985675002448
jax,6,128,full,phylo_gradients_time,79.44910033303313
jax,7,128,jc,phylo_gradients_time,64.58781575004105
jax,7,128,full,phylo_gradients_time,76.10129258397501
jax,8,128,jc,phylo_gradients_time,67.02356287499424
jax,8,128,full,phylo_gradients_time,75.76151183294132
jax,9,128,jc,phylo_gradients_time,64.09008162491955
jax,9,128,full,phylo_gradients_time,77.22930033400189
jax,10,128,jc,phylo_gradients_time,65.004782916978
jax,10,128,full,phylo_gradients_time,77.71127308299765
jax,1,256,jc,phylo_gradients_time,140.38284354202915
jax,1,256,full,phylo_gradients_time,191.5079464999726
jax,2,256,jc,phylo_gradients_time,145.71030804188922
jax,2,256,full,phylo_gradients_time,206.31401600001848
jax,3,256,jc,phylo_gradients_time,147.3960462079849
jax,3,256,full,phylo_gradients_time,193.643900959054
jax,4,256,jc,phylo_gradients_time,140.5688442919636
jax,4,256,full,phylo_gradients_time,197.61355316708796
jax,5,256,jc,phylo_gradients_time,142.54863849992398
jax,5,256,full,phylo_gradients_time,200.4907565830508
jax,6,256,jc,phylo_gradients_time,148.7704708330566
jax,6,256,full,phylo_gradients_time,209.14233499998227
jax,7,256,jc,phylo_gradients_time,148.22529874998145
jax,7,256,full,phylo_gradients_time,196.72591229202223
jax,8,256,jc,phylo_gradients_time,139.31288133293856
jax,8,256,full,phylo_gradients_time,189.1023841670249
jax,9,256,jc,phylo_gradients_time,138.1208296250552
jax,9,256,full,phylo_gradients_time,197.95958054205403
jax,10,256,jc,phylo_gradients_time,150.135034832987
jax,10,256,full,phylo_gradients_time,208.4134899158962
jax,1,512,jc,phylo_gradients_time,307.6403074589325
jax,1,512,full,phylo_gradients_time,556.1637355830753
jax,2,512,jc,phylo_gradients_time,306.08988554100506
jax,2,512,full,phylo_gradients_time,523.078511333093
jax,3,512,jc,phylo_gradients_time,312.1720112920739
jax,3,512,full,phylo_gradients_time,546.1051802079892
jax,4,512,jc,phylo_gradients_time,316.7012717089383
jax,4,512,full,phylo_gradients_time,517.2780550000025
jax,5,512,jc,phylo_gradients_time,313.5081396669848
jax,5,512,full,phylo_gradients_time,555.9316757499473
jax,6,512,jc,phylo_gradients_time,312.6264589999337
jax,6,512,full,phylo_gradients_time,528.2925093750237
jax,7,512,jc,phylo_gradients_time,316.6195925420616
jax,7,512,full,phylo_gradients_time,546.6293697499204
jax,8,512,jc,phylo_gradients_time,316.20995120797306
jax,8,512,full,phylo_gradients_time,509.1455847080797
jax,9,512,jc,phylo_gradients_time,311.87770933296997
jax,9,512,full,phylo_gradients_time,520.9567739579361
jax,10,512,jc,phylo_gradients_time,313.3283441249514
jax,10,512,full,phylo_gradients_time,535.5660245829495
